epoch,train_loss,val_loss
1,2.104748669742647,1.4896944463253021
2,1.1857733253442182,1.4820816772324699
3,1.1295984044584448,1.3971288544791085
4,1.1103539321681914,1.4363963305950165
5,1.2153746614883787,1.4362626842090063
6,1.3258553751776037,1.4734573342970438
7,1.3032807292055297,1.442920793380056
8,1.197010753988197,1.4336207274879729
